{
  "endless_mode": {
    "bot1": 50000,
    "bot2": 45000,
    "bot3": 40000,
    "bot4": 35000,
    "bot5": 30000,
    "bot6": 25000,
    "bot7": 20000,
    "bot8": 15000,
    "bot9": 10000
  },
  "speedrun_mode": {
    "lehka": {
      "bot1": 120,
      "bot2": 150,
      "bot3": 180,
      "bot4": 210,
      "bot5": 240,
      "bot6": 270,
      "bot7": 300,
      "bot8": 330,
      "bot9": 360
    },
    "normalni": {
      "bot1": 600,
      "bot2": 660,
      "bot3": 720,
      "bot4": 780,
      "bot5": 840,
      "bot6": 900,
      "bot7": 960,
      "bot8": 1020,
      "bot9": 1080
    },
    "tezka": {
      "bot1": 1500,
      "bot2": 1750,
      "bot3": 2000,
      "bot4": 2250,
      "bot5": 2500,
      "bot6": 2750,
      "bot7": 3000,
      "bot8": 3250,
      "bot9": 3500
    }
  }
}